user_id,mean,median,standard Deviation, variance,Min Rating, Max Rating
1,3.610294117647059,4,1.2612598400341797,1.5907763840830447,1,3
2,3.7096774193548385,4,1.022127710822894,1.0447450572320498,1,5
3,2.796296296296296,4,1.207685721161509,1.458504801097394,1,1
4,4.333333333333334,4,0.8975274678557503,0.805555555555555,1,3
5,2.8742857142857146,4,1.359063302876099,1.847053061224491,1,3
6,3.6350710900473935,4,1.036994549825603,1.0753576963680052,1,5
7,3.965260545905708,4,1.0631588865131656,1.130306817971914,1,4
8,3.796610169491526,4,1.2320530064668642,1.5179546107440387,1,5
9,4.2727272727272725,4,0.9136250564655355,0.834710743801653,1,4
10,4.2065217391304355,4,0.5811914950128195,0.33778355387523623,1,4
11,3.4640883977900545,4,0.9313940558181892,0.8674948872134561,1,4
12,4.392156862745098,4,0.7689675118089251,0.5913110342176093,1,4
13,3.0974842767295585,4,1.4153004741547714,2.0030754321427207,1,3
14,4.091836734693878,4,1.0310162877420206,1.062994585589337,1,5
15,2.875,4,1.3350849872112722,1.7824519230769231,1,5
16,4.32857142857143,4,1.038149845658524,1.0777551020408171,1,4
17,3.0357142857142856,4,1.1174634176544298,1.2487244897959187,1,4
18,3.88086642599278,4,0.8477376817765219,0.7186591771038314,1,4
19,3.55,4,0.8046738469715542,0.6475000000000002,1,4
20,3.1041666666666665,4,1.1408984641744224,1.301649305555556,1,4
21,2.6703910614525124,4,1.3235154487803795,1.7516931431603295,1,1
22,3.351562500000001,4,1.487394133575143,2.2123413085937504,1,4
23,3.6357615894039736,4,0.9523998527846529,0.9070654795842286,1,5
24,4.323529411764703,4,0.8124251362901842,0.6600346020761244,1,5
25,4.051282051282054,4,0.6180497842663564,0.3819855358316897,1,3
26,2.943925233644861,4,0.851955153276884,0.7258275831950389,1,3
27,3.24,4,0.8616263691415208,0.7424000000000003,1,3
28,3.721518987341772,4,0.9538291763941521,0.9097900977407465,1,4
29,3.6470588235294117,4,0.8705087404087497,0.757785467128028,1,4
30,3.7674418604651163,4,0.9844656041170566,0.9691725256895614,1,4
31,3.9166666666666665,4,0.9537935951882995,0.9097222222222219,1,4
32,3.317073170731707,4,0.8954907195456501,0.8019036287923861,1,3
33,3.7083333333333335,4,0.5384519993050036,0.28993055555555564,1,3
34,4.05,4,1.3592277219068187,1.8475000000000001,1,4
35,3.0,4,0.938083151964686,0.88,1,2
36,3.8,4,1.2489995996796797,1.56,1,2
37,3.6491228070175437,4,0.982142807177432,0.9646044936903664,1,4
38,3.71900826446281,4,1.5914188300047474,2.532613892493679,1,5
39,3.772727272727273,4,0.9011012546181366,0.81198347107438,1,4
40,2.8857142857142857,4,0.9493284414763514,0.9012244897959184,1,3
41,3.769230769230769,4,0.7994080650317894,0.6390532544378696,1,4
42,3.726775956284153,4,1.0618542340101529,1.1275344142852886,1,3
43,3.7104072398190047,4,1.0145236346169837,1.0292582051964552,1,3
44,3.6490066225165565,4,0.9980024784418172,0.99600894697601,1,2
45,3.6041666666666665,4,0.906908285819955,0.8224826388888892,1,5
46,4.111111111111111,4,0.9162456945817021,0.8395061728395058,1,5
47,3.64,4,0.8890444308357148,0.7904000000000001,1,3
48,3.7878787878787885,4,1.0374086526438597,1.0762167125803483,1,5
49,2.683720930232557,4,1.2510331047165821,1.5650838290968105,1,5
50,3.5416666666666665,4,1.3533651474093098,1.8315972222222225,1,5
51,3.5652173913043477,4,1.1731076141940902,1.3761814744801504,1,3
52,4.267857142857144,4,0.7194013242315607,0.517538265306123,1,5
53,3.8214285714285716,4,0.8885610931874806,0.7895408163265305,1,4
54,3.6923076923076925,4,1.1357556200179542,1.2899408284023675,1,3
55,3.2857142857142856,4,1.4521857792358959,2.108843537414966,1,2
56,3.641711229946524,4,0.9336108168040723,0.871629157253567,1,3
57,3.5,4,1.0210057934158254,1.0424528301886793,1,2
58,3.8376623376623376,4,1.229881100898693,1.5126075223477808,1,4
59,3.9345549738219896,4,1.0601835689433516,1.1239891998574625,1,5
60,4.086538461538455,4,0.6295690974950338,0.39635724852071136,1,4
61,2.9523809523809526,4,1.2140522651411392,1.4739229024943308,1,5
62,3.301724137931035,4,1.1120021364576265,1.2365487514863256,1,4
63,3.118279569892473,4,0.98209193408864,0.9645045670019657,1,4
64,3.585,4,0.9963809512430475,0.9927750000000001,1,4
65,3.9375,4,0.8852083088177607,0.78359375,1,4
66,3.473684210526316,4,1.019206143738794,1.0387811634349031,1,4
67,3.7666666666666666,4,0.8825468196582484,0.7788888888888889,1,4
68,3.0294117647058822,4,1.5808652529854925,2.499134948096885,1,4
69,3.8461538461538463,4,1.0558375345706765,1.1147928994082845,1,4
70,3.4656488549618323,4,0.8130398140882041,0.6610337392925815,1,5
71,3.789473684210526,4,1.0300203047779435,1.0609418282548475,1,3
72,3.8175182481751824,4,1.0478965939274791,1.0980872715648122,1,4
73,3.727272727272727,4,1.148720692183325,1.3195592286501374,1,2
74,3.641025641025641,4,0.6975113081402792,0.48652202498356345,1,3
75,3.278481012658228,4,1.349511949855961,1.8211825028040378,1,2
76,3.5609756097560976,4,1.1163699991556888,1.2462819750148728,1,3
77,3.611111111111111,4,1.1967032904743344,1.4320987654320994,1,2
78,3.380952380952381,4,1.2526615655205626,1.5691609977324266,1,4
79,4.0,4,1.026910636104941,1.0545454545454545,1,5
80,3.7586206896551726,4,1.0053365335940172,1.0107015457788346,1,3
81,3.293103448275862,4,1.0987237218175736,1.207193816884661,1,3
82,3.0714285714285716,4,1.18307221417189,1.399659863945578,1,3
83,3.4193548387096775,4,1.118010720370642,1.249947970863682,1,5
84,3.8529411764705883,4,0.7908429211616913,0.6254325259515571,1,4
85,3.5381944444444446,4,0.8113343371482571,0.6582634066358017,1,4
86,3.5217391304347827,4,1.137104072228002,1.2930056710775049,1,3
87,3.7914691943127963,4,0.9257369155050129,0.8569888367287355,1,5
88,3.9523809523809526,4,1.132893071749554,1.28344671201814,1,3
89,4.0394736842105265,4,1.1406460481684122,1.3010734072022156,1,5
90,4.223333333333334,4,0.9238265830530928,0.853455555555553,1,5
91,3.8877551020408165,4,1.0289944870166718,1.0588296543107036,1,5
92,3.2448453608247423,4,0.9735413232346591,0.947782708045491,1,2
93,3.35,4,1.1947803145348521,1.4275,1,4
94,3.6575,4,1.014984605794593,1.0301937500000056,1,4
95,3.4172661870503593,4,1.1246056419953439,1.2647378500077595,1,4
96,4.2678571428571415,4,0.9352438839409642,0.8746811224489799,1,5
97,4.158730158730157,4,1.1297752158269363,1.2763920382968004,1,5
98,3.5925925925925926,4,1.2840693202488678,1.6488340192043893,1,2
99,3.5514705882352935,4,1.0901959682254148,1.1885272491349494,1,3
100,3.0677966101694913,4,1.039302353678365,1.0801493823613892,1,2
101,2.8955223880597014,4,0.8661861569281737,0.7502784584539988,1,4
102,2.6157407407407423,4,0.742575851847876,0.5514188957475987,1,3
103,3.6206896551724137,4,0.9252695079309478,0.8561236623067782,1,5
104,2.6666666666666665,4,1.1494874167738076,1.321321321321321,1,1
105,3.391304347826087,4,1.052497255383496,1.107750472589792,1,4
106,3.765625,4,0.7013867402332326,0.491943359375,1,4
107,3.0,4,1.243163121016122,1.5454545454545454,1,2
108,3.5757575757575757,4,0.9544251968499166,0.9109274563820019,1,2
109,3.4401709401709395,4,1.1354098494970934,1.2891555263350125,1,2
110,3.045112781954887,4,0.8572088089651491,0.7348069421674495,1,3
111,3.5416666666666665,4,0.9119195261766369,0.8315972222222219,1,4
112,3.6956521739130435,4,1.0605487754478662,1.1247637051039687,1,5
113,3.7254901960784315,4,1.1039755498242547,1.2187620146097655,1,4
114,3.6041666666666665,4,0.9069082858199551,0.8224826388888894,1,3
115,3.9347826086956523,4,1.168465621771886,1.3653119092627604,1,5
116,3.0069930069930075,4,0.9787711969071999,0.9579930558951527,1,4
117,3.9186046511627906,4,1.0254337287564659,1.0515143320713893,1,2
118,4.661971830985915,4,0.7495287152478918,0.5617932949811552,1,5
119,3.9502762430939224,4,1.0097658122123956,1.019626995512959,1,3
120,3.576923076923077,4,0.9676727404160865,0.9363905325443788,1,4
121,3.608108108108108,4,1.3235656955643715,1.7518261504747987,1,5
122,3.9836065573770494,4,0.9665182277366344,0.9341574845471647,1,5
123,3.8518518518518516,4,1.0955703302036324,1.200274348422496,1,1
124,3.5,4,1.0,1.0,1,2
125,3.4395604395604398,4,1.2941864193791035,1.6749184881053045,1,5
126,3.533333333333333,4,1.1661903789690602,1.3600000000000003,1,2
127,4.130434782608695,4,1.4833671399332158,2.2003780718336485,1,5
128,3.6630434782608696,4,1.0137872805887609,1.027764650283555,1,4
129,2.6,4,1.1430952132988161,1.3066666666666662,1,3
130,3.9858356940509916,4,0.9798669888202962,0.9601393157797544,1,4
131,4.133333333333334,4,1.0241527663824812,1.0488888888888892,1,4
132,3.772727272727273,4,0.6695872664843745,0.4483471074380167,1,4
133,3.1923076923076925,4,1.0748606624986248,1.1553254437869824,1,4
134,3.64,4,1.0537551897855593,1.1103999999999998,1,3
135,3.381818181818182,4,0.7743832523289768,0.5996694214876036,1,2
136,4.3428571428571425,4,0.7148569144683887,0.5110204081632652,1,5
137,4.319148936170212,4,1.0936253000762886,1.1960162969669523,1,3
138,4.2745098039215685,4,0.6591269142733965,0.43444828911956945,1,4
139,4.0,4,0.816496580927726,0.6666666666666666,1,5
140,3.4285714285714284,4,0.7911070345636262,0.6258503401360545,1,4
141,3.4299065420560746,4,1.3333406119695361,1.777797187527297,1,4
142,3.6363636363636362,4,1.1759762370868034,1.3829201101928377,1,4
143,3.900000000000001,4,0.99498743710662,0.99,1,2
144,3.674757281553398,4,0.9481938319929655,0.899071543029504,1,4
145,3.3354430379746836,4,1.3053481008822292,1.7039336644768426,1,1
146,3.6206896551724137,4,1.1865276230403623,1.407847800237812,1,4
147,4.2,4,0.8124038404635961,0.6600000000000003,1,4
148,4.000000000000001,4,1.264911064067352,1.6000000000000005,1,1
149,2.888888888888889,4,1.0999438818457408,1.209876543209877,1,2
150,3.84375,4,1.0034121473751452,1.0068359375,1,4
151,3.996742671009772,4,1.0383473819359874,1.0781652855733195,1,4
152,4.320754716981137,4,0.9861988185186397,0.9725881096475608,1,5
153,2.9565217391304346,4,1.4589531943967406,2.1285444234404536,1,3
154,3.9607843137254903,4,0.8847462096218411,0.7827758554402148,1,3
155,2.6363636363636362,4,0.8282212344676636,0.6859504132231407,1,3
156,3.72972972972973,4,0.7935090949136862,0.6296566837107374,1,4
157,3.784313725490196,4,1.2257646751441398,1.5024990388312187,1,3
158,3.8034682080924855,4,1.0009184195104448,1.0018376825152866,1,5
159,3.4299065420560746,4,1.3333406119695357,1.777797187527296,1,2
160,3.9166666666666665,4,1.0048493529988571,1.009722222222222,1,5
161,2.5517241379310347,4,1.1168368786690792,1.2473246135552918,1,3
162,3.5952380952380953,4,0.7257024121013413,0.526643990929705,1,3
163,3.3043478260869565,4,0.8564224175474874,0.7334593572778828,1,4
164,4.126984126984125,4,0.951057281202872,0.9045099521289989,1,5
165,4.0,4,0.8563488385776752,0.7333333333333333,1,4
166,3.55,4,1.3955285736952863,1.9474999999999998,1,1
167,3.3768115942028984,4,1.4456476335695658,2.0898970804452857,1,3
168,3.3333333333333335,4,1.3900960937138311,1.9323671497584527,1,1
169,3.972972972972973,4,0.9722219323570243,0.9452154857560262,1,4
170,3.772727272727273,4,0.9011012546181368,0.8119834710743802,1,3
171,3.4642857142857144,4,0.7310531960878116,0.5344387755102044,1,3
172,3.185185185185185,4,0.8622553130979863,0.7434842249657064,1,4
173,4.209302325581396,4,0.8228746982769366,0.6771227690643594,1,4
174,3.5819209039548023,4,1.5713935427066659,2.469277666060206,1,5
175,3.736842105263158,4,1.1164843913471802,1.2465373961218833,1,5
176,3.6984126984126986,4,1.033332114206971,1.0677752582514481,1,3
177,3.617391304347826,4,0.9831856713114832,0.9666540642722118,1,4
178,3.681318681318681,4,0.9439895178430362,0.891116209797528,1,5
179,3.047619047619047,4,1.5728709109441663,2.4739229024943317,1,5
180,3.9365079365079363,4,1.2955726303118644,1.6785084404132031,1,5
181,1.4919540229885058,4,0.8451645273826196,0.7143030783458868,1,1
182,3.857142857142857,4,0.9147320339189785,0.8367346938775512,1,4
183,3.188679245283019,4,0.9915987429034651,0.9832680669277322,1,4
184,3.6613545816733066,4,0.8331171711622449,0.6940842208853812,1,4
185,4.041666666666667,4,0.705878097754059,0.4982638888888888,1,4
186,3.4130434782608696,4,1.217197189492993,1.4815689981096407,1,4
187,4.071428571428571,4,0.9035079029052513,0.8163265306122449,1,5
188,3.767857142857143,4,0.9726817022425943,0.9461096938775508,1,2
189,3.9786096256684487,4,1.0695454542112368,1.143927478623921,1,4
190,3.322033898305085,4,0.9818812446074738,0.9640907785119219,1,3
191,3.6296296296296298,4,0.7768954430890009,0.6035665294924552,1,5
192,3.5142857142857142,4,1.0789261479142407,1.1640816326530619,1,2
193,3.165289256198348,4,1.1085476123707252,1.2288778088928358,1,4
194,2.9639344262295086,4,1.0220571968989143,1.044600913732866,1,4
195,3.291666666666666,4,1.0197698542100349,1.0399305555555556,1,2
196,3.6153846153846154,4,1.0029542161850227,1.0059171597633134,1,4
197,3.3389830508474576,4,1.2228082363001866,1.495259982763573,1,5
198,3.2762430939226515,4,0.9696722841740911,0.9402643386953993,1,4
199,2.95,4,1.548386256720202,2.3974999999999995,1,1
200,4.032407407407409,4,0.8573569099600478,0.7350608710562414,1,4
201,3.0310880829015545,4,1.0525406506434525,1.107841821256942,1,3
202,2.8,4,1.2489995996796797,1.56,1,2
203,3.4186046511627906,4,1.039511471564047,1.0805840995132505,1,2
204,3.4523809523809526,4,1.3309928437498755,1.7715419501133802,1,4
205,2.8636363636363638,4,1.013340764073089,1.0268595041322317,1,2
206,2.1718750000000004,4,1.4529569795334616,2.111083984375,1,5
207,3.2304347826086968,4,0.8256406116826707,0.6816824196597345,1,3
208,3.787878787878788,4,1.0077750998979327,1.0156106519742882,1,3
209,3.1818181818181817,4,1.2174126925212525,1.4820936639118458,1,5
210,4.060606060606061,4,0.8142441722754179,0.6629935720844804,1,4
211,3.189189189189189,4,1.1110705292483498,1.234477720964208,1,4
212,3.92,4,1.26237870704476,1.5936000000000001,1,2
213,4.2301587301587285,4,0.8652249768233824,0.7486142605190227,1,4
214,3.8984375,4,0.8276457929535739,0.68499755859375,1,5
215,3.774193548387097,4,0.8814581304051267,0.7769684356573012,1,4
216,3.801526717557252,4,0.9993879602475207,0.9987762950877002,1,4
217,2.960526315789474,4,1.3711384961495567,1.8800207756232679,1,2
218,3.6037735849056602,4,0.8089038154802267,0.6543253826984687,1,4
219,3.7142857142857144,4,1.5551100755055174,2.418367346938776,1,5
220,3.772727272727273,4,0.901101254618137,0.8119834710743805,1,4
221,3.6164383561643834,4,0.8933565608591988,0.7980859448301753,1,4
222,3.049095607235142,4,1.1900396096403694,1.4161942725130028,1,3
223,3.0285714285714285,4,1.2906782481068069,1.665850340136056,1,4
224,2.9929078014184403,4,1.0947745251890766,1.1985312610029681,1,3
225,4.518518518518517,4,0.8331275466075551,0.6941015089163238,1,5
226,3.8,4,0.9165151389911681,0.8400000000000002,1,4
227,3.4482758620689653,4,1.053277541331122,1.109393579072533,1,4
228,3.142857142857143,4,1.456862718169367,2.1224489795918364,1,5
229,2.7333333333333334,4,1.436043948569201,2.0622222222222217,1,1
230,3.8496240601503757,4,1.1338684903488916,1.2856577534060745,1,2
231,3.6666666666666665,4,0.8908708063747479,0.7936507936507935,1,3
232,3.903225806451613,4,0.8927969356837447,0.7970863683662847,1,3
233,4.345454545454541,4,0.79127473261778,0.6261157024793393,1,5
234,3.1229166666666677,4,0.9194064170551677,0.8453081597222208,1,4
235,3.9787234042553217,4,0.8248626372331969,0.6803983703033045,1,5
236,3.475806451612903,4,1.167183746469635,1.3623178980228934,1,3
237,4.145833333333333,4,0.6766825737046547,0.4578993055555554,1,5
238,3.2758620689655173,4,0.8261481759110991,0.6825208085612364,1,3
239,4.213836477987423,4,1.2507345256942812,1.5643368537636986,1,5
240,3.75,4,1.299038105676658,1.6875,1,5
241,3.4347826086956523,4,1.0140785904078784,1.0283553875236295,1,2
242,4.450000000000001,4,0.739932429347437,0.5474999999999998,1,4
243,3.6419753086419755,4,0.8211500813983157,0.6742874561804605,1,5
244,3.6512605042016806,4,1.0691523027255168,1.1430866464232752,1,5
245,3.272727272727273,4,1.094690416253845,1.1983471074380163,1,1
246,2.928205128205128,4,1.3184973416634949,1.7384352399737029,1,3
247,3.923076923076923,4,0.8736782070461959,0.7633136094674555,1,4
248,3.5714285714285716,4,1.1780301787479033,1.3877551020408168,1,5
249,4.1055900621117996,4,0.8604670440024309,0.7404035338142814,1,3
250,3.7868852459016393,4,1.0575994174615941,1.1185165278151032,1,2
251,3.792207792207792,4,0.9164820137338886,0.8399392814977236,1,4
252,4.428571428571429,4,0.659828879073858,0.43537414965986393,1,5
253,3.979381443298969,4,0.9522559372169482,0.9067913699649285,1,5
254,3.050314465408805,4,1.0327878990904829,1.0666508445077336,1,3
255,2.5421686746987944,4,1.3107636403816048,1.7181013209464366,1,2
256,3.990338164251207,4,0.9427595334012017,0.8887955378188516,1,5
257,4.035087719298246,4,0.9544891585077505,0.9110495537088338,1,2
258,3.739130434782609,4,1.358304291462027,1.8449905482041589,1,5
259,3.869565217391304,4,0.7692089570849622,0.5916824196597351,1,4
260,4.041666666666667,4,1.0984521938720055,1.206597222222222,1,2
261,4.111111111111111,4,0.8748897637790899,0.7654320987654316,1,5
262,3.16875,4,0.8232699663536865,0.6777734375000002,1,3
263,4.048780487804881,4,0.9947313118167666,0.9894903827087052,1,5
264,4.216666666666668,4,1.001526612504908,1.0030555555555563,1,3
265,3.5652173913043477,4,1.116130230695081,1.245746691871455,1,4
266,3.260869565217391,4,1.0720720005163438,1.1493383742911154,1,2
267,3.9351351351351354,4,0.8859919517102018,0.7849817384952525,1,5
268,2.9420731707317076,4,1.0958616587570948,1.2009127751338513,1,4
269,3.0092879256965954,4,1.4042969619515928,1.9720499573464736,1,4
270,4.333333333333335,4,0.9878488804609841,0.9758454106280197,1,5
271,3.5827338129496407,4,1.002868408243259,1.005745044252368,1,5
272,4.333333333333336,4,0.8782037520219104,0.771241830065361,1,5
273,3.6363636363636362,4,0.7100226978096958,0.5041322314049587,1,4
274,4.056338028169013,4,0.9770222645647678,0.9545725054552671,1,2
275,3.11578947368421,4,0.5958303872877851,0.35501385041551203,1,3
276,3.465250965250965,4,1.0161576100033871,1.0325762883677958,1,5
277,3.5,4,0.8333333333333334,0.6944444444444444,1,4
278,4.260869565217392,4,0.8952721861727826,0.8015122873345936,1,5
279,3.2672811059907834,4,1.198112370680089,1.4354732527766627,1,3
280,3.5775193798449614,4,0.9979622889892052,0.9959287302445741,1,3
281,3.1923076923076925,4,1.2095527071935686,1.4630177514792904,1,4
282,3.5,4,0.9885710532241612,0.9772727272727273,1,4
283,4.132075471698113,4,0.8250268343047338,0.6806692773228906,1,5
284,3.5531914893617023,4,0.7938194938798993,0.6301493888637394,1,3
285,3.937500000000001,4,0.8267972847076845,0.68359375,1,3
286,3.7118055555555554,4,1.1533162647928796,1.3301384066357995,1,5
287,4.112903225806453,4,1.0176639712482165,1.0356399583766909,1,2
288,3.88,4,1.1995554732205316,1.4389333333333334,1,4
289,2.925925925925926,4,1.0514866345613623,1.10562414266118,1,1
290,3.3533333333333335,4,0.9102136501332465,0.8284888888888882,1,3
291,3.685810810810811,4,1.0295964924087606,1.0600689371804228,1,5
292,4.225806451612901,4,0.8015982993412372,0.6425598335067636,1,5
293,3.0309278350515463,4,1.042435770202849,1.0866723349984073,1,3
294,3.466666666666667,4,0.9498537899183345,0.9022222222222234,1,3
295,4.239795918367343,4,0.7880795303177135,0.6210693461057879,1,5
296,4.17687074829932,4,1.1820694425318106,1.3972881669674653,1,2
297,3.4374999999999996,4,1.063724784268312,1.1315104166666667,1,4
298,4.031496062992126,4,0.8126655651931123,0.6604253208506405,1,4
299,3.4642857142857144,4,0.9056230237932836,0.8201530612244904,1,4
300,3.75,4,0.9937303457175896,0.9875,1,4
301,3.5272727272727273,4,0.969621209161702,0.9401652892562011,1,4
302,2.4285714285714284,4,0.8491692619108099,0.7210884353741496,1,2
303,3.365702479338843,4,1.2300227280345095,1.512955911481457,1,2
304,3.3846153846153846,4,1.0405960968052832,1.0828402366863903,1,3
305,3.40990990990991,4,1.0774055385909607,1.1608026945864782,1,4
306,3.78125,4,0.9916644782889019,0.9833984375,1,4
307,3.794642857142857,4,1.0276393966717297,1.0560427295918366,1,5
308,3.7581863979848866,4,0.7657430730478587,0.5863624539207783,1,4
309,3.5,4,1.02469507659596,1.05,1,4
310,3.857142857142857,4,1.3899542399358504,1.9319727891156475,1,3
311,3.795918367346939,4,0.8684866461613557,0.7542690545605999,1,4
312,4.381165919282515,4,0.9147542414477094,0.8367753222465742,1,5
313,3.595419847328244,4,0.9944780821060283,0.9889866557892842,1,4
314,3.6775510204081634,4,1.1455798471396164,1.312353186172427,1,3
315,4.011494252873563,4,0.928405540519939,0.86193684766812,1,5
316,3.36,4,1.4295920163925562,2.0437333333333343,1,2
317,3.5454545454545454,4,0.8381404052084444,0.7024793388429752,1,3
318,3.706896551724138,4,1.028478745297314,1.0577685295283377,1,4
319,3.4782608695652173,4,0.7728864710709207,0.5973534971644612,1,3
320,3.720779220779221,4,0.8412788135723062,0.7077500421656271,1,2
321,3.736,4,0.7391238055968706,0.5463040000000006,1,4
322,4.176470588235295,4,0.833275661210815,0.6943483275663208,1,4
323,3.6179775280898876,4,0.9540642568698325,0.9102386062365858,1,4
324,4.348484848484848,4,0.8070226657930774,0.6512855831037649,1,4
325,3.408450704225352,4,1.114279465144703,1.2416187264431653,1,4
326,3.3262032085561497,4,1.2084851618922632,1.4604363865137695,1,4
327,3.313380281690141,4,0.9175694219612117,0.8419336441182322,1,2
328,3.4310954063604235,4,0.9042623068112146,0.8176903195195391,1,4
329,3.4,4,0.8190050248742253,0.6707692307692305,1,4
330,4.4965986394557795,4,0.7319171513639613,0.5357027164607358,1,4
331,3.642857142857143,4,1.0560805473300696,1.1153061224489793,1,5
332,4.153005464480874,4,0.9105209191624511,0.8290483442324349,1,4
333,3.8461538461538463,4,0.9483713850721501,0.8994082840236685,1,4
334,3.519519519519519,4,0.9089530047996462,0.8261955649343058,1,4
335,3.5454545454545454,4,1.195722403451446,1.4297520661157024,1,5
336,2.9615384615384617,4,1.2794460709700544,1.6369822485207095,1,4
337,3.9411764705882355,4,1.1098801331831296,1.2318339100346016,1,1
338,4.0,4,0.938083151964686,0.88,1,4
339,4.003937007874019,4,0.9157331364182222,0.8385671771343544,1,5
340,4.159090909090909,4,1.1666420697918725,1.361053719008264,1,5
341,3.8095238095238093,4,1.0962728031639368,1.201814058956916,1,4
342,3.4378109452736316,4,1.284179736679841,1.6491175960991062,1,3
343,3.9873417721518987,4,1.0888038288445558,1.1854937777065648,1,5
344,3.668421052631579,4,1.021120453526135,1.0426869806094192,1,4
345,3.646551724137931,4,0.9168378033597006,0.8405915576694409,1,2
346,3.290155440414508,4,1.1466357533967828,1.3147735509678076,1,3
347,3.5728643216080402,4,1.3122795911351997,1.7220777253099668,1,3
348,3.896551724137931,4,0.6870640981093545,0.4720570749108208,1,5
349,3.1951219512195124,4,1.0869404856174236,1.181439619274241,1,2
350,4.32,4,0.8109253973085315,0.6575999999999996,1,5
351,4.159090909090909,4,0.9279298028451636,0.8610537190082641,1,3
352,3.738095238095238,4,1.1763446978129166,1.3837868480725624,1,5
353,3.36,4,1.323026832683298,1.7503999999999993,1,5
354,3.742489270386266,4,0.8655280861477737,0.7491388679106279,1,4
355,4.076923076923077,4,0.4741856925360753,0.2248520710059173,1,5
356,3.5833333333333335,4,1.114924013354971,1.2430555555555556,1,3
357,4.131578947368422,4,0.8935750971762969,0.7984764542936285,1,5
358,3.697674418604651,4,1.1917328349133913,1.4202271498107082,1,4
359,3.925925925925926,4,0.7662281802065631,0.5871056241426613,1,3
360,3.9607843137254903,4,0.8508538805391033,0.7239523260284506,1,5
361,3.7768595041322315,4,0.9576797313633695,0.9171504678642156,1,2
362,3.36,4,1.4934523762075573,2.2303999999999995,1,4
363,3.0546623794212207,4,1.2781502152834248,1.6336679728290653,1,4
364,3.45,4,1.0712142642814275,1.1475000000000002,1,3
365,3.3793103448275863,4,1.1719065839976848,1.3733650416171228,1,4
366,4.393939393939394,4,1.0713739108887084,1.1478420569329661,1,5
367,4.155172413793102,4,0.7381646423657808,0.5448870392390011,1,3
368,3.2888888888888888,4,1.0877545111573705,1.1832098765432102,1,1
369,4.0,4,1.0,1.0,1,5
370,3.6933333333333334,4,0.9377040518675862,0.8792888888888888,1,4
371,4.098039215686276,4,0.934206215652674,0.8727412533640905,1,4
372,4.303030303030301,4,0.6956509262575147,0.48393021120293817,1,4
373,3.7339055793991416,4,0.9482356462768939,0.8991508408701586,1,3
374,3.31021897810219,4,1.3022038966862826,1.6957349885449384,1,4
375,3.6785714285714284,4,0.8474150369789052,0.7181122448979592,1,4
376,3.7333333333333334,4,0.6798692684790382,0.46222222222222253,1,4
377,3.909090909090909,4,0.9330184435357972,0.8705234159779616,1,3
378,3.4239999999999995,4,0.8026356583157763,0.6442239999999996,1,4
379,3.989795918367347,4,0.9421523118683374,0.8876509787588528,1,4
380,3.197530864197532,4,0.9151637927529247,0.8375247675659181,1,3
381,3.811023622047244,4,1.1064042878897826,1.2241304482608968,1,5
382,3.4716981132075473,4,1.0389358413536756,1.0793876824492699,1,4
383,4.380281690140844,4,0.8453051317252762,0.7145407657210865,1,4
384,4.136363636363637,4,0.5473452081269224,0.299586776859504,1,4
385,3.2953736654804264,4,1.214508945134546,1.4750319778118277,1,4
386,3.652173913043478,4,0.8134037797334654,0.661625708884688,1,5
387,3.361842105263159,4,1.2033360541759646,1.44801765927978,1,3
388,4.173076923076923,4,0.848554287419623,0.7200443786982242,1,4
389,3.7047970479704797,4,1.0315748785367866,1.064146730028186,1,3
390,3.838709677419355,4,1.166654278711298,1.3610822060353789,1,5
391,3.768595041322314,4,1.0103622669065946,1.0208319103886327,1,5
392,4.045045045045045,4,1.118133800655871,1.2502231961691428,1,3
393,3.3370535714285703,4,0.8157283537612872,0.6654127471300997,1,5
394,3.859060402684564,4,0.9342127592647148,0.872753479572992,1,3
395,3.894736842105263,4,1.087153219988047,1.1819021237303786,1,5
396,3.4074074074074074,4,0.7821745215534399,0.6117969821673526,1,3
397,3.7058823529411766,4,1.325379969891858,1.7566320645905422,1,3
398,3.7093023255813953,4,0.9384088347609388,0.8806111411573829,1,4
399,2.93730407523511,4,0.7932830901659674,0.6292980611432664,1,3
400,3.590909090909091,4,0.7780564894828952,0.6053719008264467,1,4
401,3.1176470588235294,4,1.1081467569368464,1.22798923490965,1,2
402,3.8970588235294117,4,0.9872675583821795,0.9746972318339101,1,5
403,3.68,4,1.2237646832622684,1.4976000000000003,1,4
404,3.25,4,1.0897247358851685,1.1875,1,2
405,1.8344640434192674,4,1.3442700214235832,1.8070618904981608,1,1
406,3.5321637426900585,4,1.072170830128206,1.1495502889778064,1,5
407,3.4690265486725664,4,0.8577682140471751,0.7357663090296804,1,4
408,3.740740740740741,4,1.0747124539664377,1.1550068587105624,1,5
409,3.5911330049261085,4,1.1598030226185856,1.3451430512752072,1,5
410,3.0357142857142856,4,1.017073633278439,1.0344387755102045,1,4
411,3.7758620689655173,4,0.7666115198419212,0.5876932223543404,1,2
412,3.9411764705882355,4,0.7252251768198795,0.5259515570934254,1,4
413,3.66,4,0.9921693403849973,0.9844000000000005,1,3
414,3.88,4,1.1070682002478436,1.2255999999999996,1,4
415,4.166666666666667,4,1.0274023338281628,1.0555555555555556,1,4
416,3.845841784989858,4,1.0923707174300474,1.1932737842986365,1,5
417,3.246575342465752,4,0.941884178637346,0.8871458059673478,1,4
418,2.9,4,1.4798648586948744,2.1900000000000004,1,4
419,4.218749999999999,4,0.8921314014762621,0.7958984374999997,1,4
420,4.166666666666669,4,0.8333333333333331,0.6944444444444442,1,5
421,3.8548387096774195,4,1.0293557990715392,1.059573361082207,1,4
422,3.463917525773196,4,0.9201283602756568,0.8466361993835689,1,5
423,3.578125,4,0.9152302903504669,0.837646484375,1,4
424,3.3636363636363638,4,1.3158286205572842,1.7314049586776852,1,4
425,2.9558823529411766,4,1.0905182730272003,1.1892301038062274,1,3
426,3.8316831683168315,4,0.8092204650179227,0.6548377610038231,1,4
427,4.548387096774194,4,0.755141929723847,0.5702393340270555,1,3
428,3.9272727272727272,4,0.8057643565876483,0.6492561983471069,1,4
429,3.393719806763285,4,0.9126376165139655,0.8329074190762918,1,4
430,3.5538461538461537,4,0.9771350466584872,0.9547928994082839,1,4
431,3.380952380952381,4,0.7221786137191952,0.5215419501133786,1,4
432,3.7096774193548385,4,1.06841904268898,1.1415192507804364,1,5
433,3.5121951219512195,4,1.3089178404876818,1.7132659131469365,1,1
434,3.7045454545454546,4,1.4074403823082755,1.980888429752065,1,5
435,3.316622691292876,4,1.0651659811506702,1.1345785674006696,1,4
436,3.7517241379310344,4,0.898512444852763,0.8073246135552895,1,4
437,3.581749049429658,4,1.1601632169119658,1.345978689875521,1,5
438,4.060606060606061,4,0.919136417460794,0.8448117539026629,1,4
439,3.7096774193548385,4,0.8498025724077092,0.7221644120707598,1,3
440,4.176470588235296,4,1.1666254729916485,1.3610149942329874,1,5
441,3.5,4,0.7416198487095663,0.55,1,4
442,3.125874125874126,4,0.9150423802110363,0.8373025575822788,1,3
443,3.375,4,1.46664299223317,2.1510416666666665,1,5
444,3.7916666666666665,4,1.0793194872490517,1.164930555555556,1,2
445,1.9851851851851856,4,1.0953449325495608,1.1997805212620016,1,1
446,2.75,4,0.8936504412303007,0.7986111111111112,1,1
447,3.597122302158273,4,0.9797916711501132,0.9599917188551317,1,3
448,3.3421052631578947,4,1.400682461281186,1.9619113573407205,1,5
449,3.7466666666666666,4,1.1441833574893299,1.3091555555555554,1,5
450,3.8648148148148147,4,0.8618793864674777,0.7428360768175559,1,4
451,2.7346938775510194,4,1.3594042843576237,1.847980008329863,1,4
452,3.4126213592233006,4,1.2383969917027198,1.5336271090583462,1,4
453,3.2884615384615383,4,1.0500892232214547,1.102687376725838,1,2
454,2.9788135593220337,4,0.9272112090871313,0.8597206262568199,1,3
455,3.502645502645503,4,0.7462381042228142,0.5568713081940597,1,5
456,3.4562211981566815,4,0.8419696607341144,0.7089129095967196,1,4
457,4.025270758122747,4,0.9439587595262979,0.8910581396864271,1,4
458,3.6885245901639343,4,1.104501226698203,1.2199229597778352,1,2
459,3.3813559322033897,4,1.0408559997883071,1.0833812122953164,1,4
460,3.411764705882353,4,0.8784226190040048,0.7716262975778548,1,4
461,3.0,4,1.103354568734741,1.2173913043478262,1,2
462,4.000000000000001,4,1.3026778945578594,1.6969696969696977,1,4
463,2.8646616541353382,4,1.2848565929587021,1.650856464469444,1,5
464,4.037735849056602,4,0.8679245283018867,0.7532929868280525,1,5
465,3.4375,4,0.8037995707886388,0.64609375,1,4
466,3.4653465346534658,4,1.1219180573635874,1.258700127438486,1,2
467,3.6818181818181817,4,0.9717071966559978,0.9442148760330581,1,5
468,3.993006993006993,4,0.8967423833236604,0.8041469020489987,1,4
469,4.534883720930232,4,0.5434102997929269,0.29529475392103866,1,5
470,3.5789473684210527,4,0.7935566931858693,0.6297322253000919,1,4
471,3.3870967741935485,4,1.4957449186283396,2.2372528616024985,1,3
472,4.2281368821292755,4,0.9193976104244324,0.8452919660541562,1,4
473,3.914285714285714,4,0.9062143729802117,0.8212244897959182,1,5
474,4.08256880733945,4,0.8179384883032544,0.669023370647813,1,5
475,3.6,4,1.3190905958272918,1.7399999999999998,1,4
476,3.373493975903615,4,1.0144835872299218,1.0291769487588902,1,4
477,4.457142857142857,4,0.49815987926179117,0.24816326530612237,1,5
478,3.415929203539823,4,1.2460604377223794,1.552666614456888,1,4
479,3.4207920792079207,4,1.184120748432335,1.4021419468679532,1,5
480,3.7333333333333334,4,0.8919392106839762,0.7955555555555545,1,4
481,3.982142857142857,4,0.8962435779521152,0.8032525510204092,1,4
482,3.423076923076923,4,0.7428156890703063,0.551775147928994,1,4
483,3.0508474576271185,4,0.9283433178053662,0.8618213157138751,1,3
484,3.992805755395681,4,0.985480220211095,0.9711712644273084,1,3
485,3.0384615384615383,4,1.0912508430085468,1.190828402366864,1,3
486,3.2222222222222223,4,0.9884696810755724,0.9770723104056438,1,3
487,3.645021645021645,4,1.1526212830077007,1.328535822042318,1,5
488,3.3571428571428563,4,0.9093923433465293,0.8269944341372919,1,4
489,3.7247706422018347,4,1.0993873158858896,1.2086524703307808,1,3
490,2.789473684210526,4,1.2101448674372306,1.4644506001846724,1,1
491,3.8484848484848486,4,1.2090871117127273,1.461891643709825,1,3
492,3.5272727272727273,4,1.0243320742547832,1.0492561983471067,1,5
493,3.7555555555555555,4,1.1830072581516589,1.3995061728395057,1,5
494,3.872340425531915,4,1.0840629108814464,1.1751923947487548,1,5
495,3.9530516431924885,4,1.1290664980227665,1.2747911569573938,1,4
496,3.0310077519379846,4,1.2755177364756396,1.6269454960639391,1,3
497,3.179211469534049,4,0.9099990675549536,0.828098302950885,1,3
498,3.288590604026846,4,0.9217382325300868,0.8496013693076883,1,3
499,3.8627450980392157,4,1.0197963626624187,1.0399846212994994,1,5
500,3.3422222222222215,4,1.012475270236021,1.0251061728395034,1,4
501,3.767123287671233,4,0.5856865294912863,0.34302871082754743,1,5
502,3.108108108108108,4,1.1097548739269087,1.231555880204529,1,4
503,4.01875,4,1.2372948062204085,1.530898437499998,1,5
504,3.6215139442231075,4,0.8206591090772916,0.6734813733115339,1,4
505,3.3660714285714284,4,0.9909909877264783,0.9820631377551011,1,3
506,3.6735537190082646,4,1.0818005036784257,1.1702923297588954,1,5
507,4.724137931034483,4,0.7609681548522038,0.5790725326991676,1,5
508,3.8275862068965516,4,0.9732856611501861,0.9472849782005548,1,4
509,2.5151515151515156,4,1.3054944986992734,1.704315886134067,1,2
510,2.7666666666666666,4,1.085766498326822,1.1788888888888889,1,5
511,3.75,4,1.0897247358851685,1.1875,1,4
512,4.333333333333333,4,0.8357108940373449,0.6984126984126983,1,4
513,4.363636363636363,4,0.7100226978096957,0.5041322314049586,1,4
514,3.8402061855670104,4,0.88529333409013,0.7837442873844185,1,3
515,3.0,4,0.9219544457292888,0.85,1,4
516,4.095238095238095,4,0.7499055118106486,0.5623582766439907,1,4
517,3.297297297297298,4,1.2272770313235384,1.5062089116143174,1,4
518,3.643835616438356,4,1.0900529459768635,1.1882154250328392,1,4
519,4.1224489795918355,4,1.3943421104113247,1.9441899208663067,1,4
520,3.4347826086956523,4,1.2794729538749705,1.6370510396975422,1,4
521,3.1400000000000006,4,0.8643301838225159,0.7470666666666641,1,4
522,4.333333333333333,4,0.7888106377466155,0.6222222222222222,1,5
523,4.359999999999998,4,0.7144228439796705,0.5104000000000006,1,5
524,3.4934640522875826,4,1.0579406066217194,1.1192383271391317,1,5
525,3.296296296296296,4,0.8950404424884867,0.8010973936899861,1,3
526,3.235294117647059,4,1.26162415232513,1.5916955017301024,1,4
527,3.832116788321168,4,0.9480625119191631,0.8988225265064733,1,5
528,3.7169811320754715,4,1.0706612044612158,1.1463154147383414,1,3
529,3.604651162790698,4,0.866415628381263,0.7506760411032988,1,4
530,3.888888888888889,4,0.7665861471404594,0.587654320987654,1,4
531,3.2333333333333334,4,1.6265163865007803,2.645555555555556,1,2
532,4.120437956204377,4,0.972290446987859,0.9453487133038508,1,5
533,3.3846153846153846,4,1.0552769624395388,1.1136094674556198,1,4
534,4.075000000000001,4,0.8481597726843685,0.7193749999999997,1,3
535,3.9357798165137616,4,0.8434880546327995,0.7114720983082246,1,3
536,3.871165644171779,4,0.9792149056554006,0.9588618314577151,1,5
537,2.8653061224489806,4,0.9721742978873285,0.94512286547272,1,1
538,3.617283950617284,4,0.937133813054239,0.8782197835695774,1,5
539,3.9821428571428577,4,0.8962435779521144,0.8032525510204077,1,3
540,3.7142857142857144,4,0.602338601936834,0.36281179138321973,1,3
541,3.6240601503759398,4,1.1145079075902415,1.2421278760811783,1,4
542,3.488888888888889,4,0.79690760342405,0.6350617283950629,1,4
543,3.532994923857868,4,0.7232032979228713,0.5230230101265174,1,3
544,2.8064516129032255,4,0.9973951505638908,0.9947970863683664,1,5
545,3.5061728395061738,4,0.8258696395222007,0.6820606614845298,1,3
546,3.8983050847457625,4,1.0999986942093525,1.2099971272622807,1,3
547,3.652173913043478,4,1.0047147833296821,1.00945179584121,1,4
548,3.670967741935484,4,1.2080892800769485,1.4594797086368398,1,4
549,3.72,4,0.8255906976220118,0.6816,1,5
550,3.675,4,1.1913752557443857,1.4193750000000005,1,3
551,3.802395209580838,4,1.3436010285977402,1.8052637240489058,1,4
552,3.0952380952380953,4,0.5481364015819685,0.3004535147392291,1,4
553,4.170000000000001,4,0.7753063910480811,0.6011000000000001,1,5
554,3.5701754385964914,4,0.7832601486411581,0.6134964604493691,1,4
555,4.019230769230769,4,0.6931085111900039,0.48039940828402383,1,5
556,4.204545454545454,4,1.178973849940267,1.3899793388429753,1,3
557,3.7547169811320753,4,1.0623160951139052,1.1285154859380557,1,4
558,4.2,4,0.8124038404635961,0.6600000000000003,1,4
559,3.5789473684210527,4,1.091391650175143,1.191135734072022,1,2
560,3.396039603960396,4,0.9342674148186496,0.8728556023919226,1,4
561,3.025210084033613,4,1.0080531604791947,1.016171174352093,1,4
562,3.5416666666666665,4,1.4523687548277815,2.1093750000000004,1,2
563,3.7666666666666666,4,1.0546194679704253,1.1122222222222227,1,5
564,3.411764705882353,4,0.6470588235294118,0.41868512110726647,1,4
565,4.542857142857143,4,0.6904597699196898,0.47673469387755096,1,5
566,3.442953020134228,4,1.1075249044153708,1.2266114139002764,1,4
567,3.9548387096774196,4,0.9859787047616678,0.972154006243496,1,2
568,3.3703703703703702,4,1.1379475182027567,1.2949245541838132,1,4
569,3.4857142857142858,4,0.906214372980212,0.8212244897959189,1,5
570,2.6818181818181817,4,1.2572106078126664,1.5805785123966942,1,4
571,3.45,4,0.7399324293474372,0.5475000000000002,1,4
572,3.25,4,1.1346805717910218,1.2875,1,4
573,3.7450980392156863,4,0.6212933144217592,0.38600538254517486,1,4
574,3.5217391304347827,4,1.1747179205309823,1.3799621928166352,1,5
575,3.1538461538461537,4,1.4329181546305507,2.053254437869823,1,2
576,3.5277777777777777,4,0.8655798028268269,0.7492283950617286,1,3
577,3.8031914893617023,4,0.8370353112431952,0.7006281122679927,1,3
578,2.6666666666666665,4,1.0671873729054746,1.1388888888888886,1,4
579,3.472972972972973,4,0.9037904112003221,0.8168371073776474,1,3
580,3.5531914893617023,4,1.1449892806020179,1.3110004526935264,1,2
581,4.035714285714286,4,0.9813308331452921,0.9630102040816331,1,5
582,3.274193548387097,4,1.1383258057157346,1.2957856399583763,1,3
583,4.4444444444444455,4,0.6849348892187751,0.4691358024691358,1,4
584,3.5416666666666665,4,0.911919526176637,0.831597222222222,1,4
585,3.7375,4,0.9319837713179344,0.8685937499999999,1,4
586,3.325301204819277,4,0.8657949023239359,0.7496008128901136,1,4
587,2.9693877551020407,4,1.044461404340143,1.0908996251561838,1,1
588,3.7422222222222223,4,1.1907959782130597,1.4179950617283978,1,3
589,3.441860465116279,4,1.467513726910093,2.153596538669551,1,5
590,3.5,4,1.1726039399558574,1.375,1,4
591,3.6547619047619047,4,0.7791027748550563,0.6070011337868486,1,3
592,3.813888888888889,4,1.3442579071694742,1.807029320987655,1,1
593,3.608974358974359,4,1.0775906050829556,1.1612015121630503,1,5
594,3.48,4,0.64,0.40959999999999996,1,4
595,3.1979166666666674,4,1.06672973446365,1.1379123263888893,1,5
596,3.6,4,0.8602325267042626,0.7399999999999999,1,3
597,3.6341463414634148,4,1.1843717602125838,1.4027364663890542,1,4
598,3.68,4,1.0087616170334794,1.0176,1,2
599,3.893617021276597,4,1.0765200545254061,1.1588954277953833,1,5
600,3.5842696629213484,4,1.0034657780569043,1.006943567731348,1,5
601,3.081081081081081,4,1.312690210224962,1.7231555880204552,1,4
602,3.793103448275862,4,0.7601864718982276,0.5778834720570749,1,3
603,3.7872340425531914,4,1.0903087638569322,1.1887732005432317,1,2
604,3.2962962962962963,4,1.2417077492029787,1.5418381344307273,1,4
605,3.7555555555555555,4,1.1861338795628904,1.4069135802469135,1,2
606,3.9661016949152574,4,0.8823332260895164,0.7785119218615335,1,4
607,3.8378378378378377,4,0.6783729944870882,0.46018991964937905,1,5
608,3.6748466257668713,4,1.2328998963380833,1.5200421543904565,1,1
609,2.3928571428571432,4,1.7183731033884868,2.952806122448979,1,1
610,3.7333333333333334,4,1.0624918300339479,1.1288888888888877,1,5
611,3.8333333333333335,4,1.089269450828369,1.1865079365079363,1,5
612,3.3703703703703702,4,0.9486109981381999,0.8998628257887519,1,2
613,4.321428571428571,4,0.8474150369789053,0.7181122448979594,1,4
614,3.128205128205128,4,1.0902713654086817,1.1886916502301115,1,5
615,3.864077669902913,4,1.088764719912714,1.1854086153266106,1,4
616,3.627906976744186,4,0.778288396775884,0.6057328285559759,1,3
617,2.6203703703703707,4,1.331370726347075,1.7725480109739382,1,3
618,3.287037037037037,4,0.9770602726577492,0.9546467764060352,1,4
619,3.50561797752809,4,1.2642321958683327,1.5982830450700665,1,4
620,3.827272727272727,4,1.007779655832932,1.0156198347107428,1,3
621,3.5497076023391814,4,1.0494428635520543,1.1013303238603356,1,4
622,3.3903508771929824,4,1.139903758498751,1.299380578639579,1,4
623,3.7333333333333334,4,1.0413666234542205,1.084444444444444,1,4
624,3.5319148936170213,4,0.7490248174487049,0.5610381771540657,1,3
625,3.4339622641509435,4,0.7270886365282146,0.5286578853684583,1,2
626,2.34375,4,1.5126420387851185,2.2880859375,1,5
627,3.292817679558011,4,1.080926201434262,1.1684014529471027,1,4
628,4.703703703703703,4,0.710493559009292,0.5048010973936903,1,5
629,4.082644628099173,4,0.9840612160920668,0.9683764770165972,1,5
630,3.324074074074074,4,1.052586793322049,1.107938957475994,1,4
631,3.1,4,0.888819441731559,0.7900000000000003,1,3
632,3.6610169491525424,4,1.0186426577163876,1.0376328641195056,1,5
633,3.310344827586207,4,0.7475683927130621,0.558858501783591,1,3
634,3.3703703703703702,4,0.9486109981381994,0.899862825788751,1,4
635,3.264705882352941,4,1.065745348940791,1.1358131487889285,1,4
636,4.45,4,0.8046738469715542,0.6475000000000003,1,5
637,2.490384615384615,4,1.1928891262207157,1.4229844674556227,1,3
638,3.537313432835821,4,1.0269264126429594,1.0545778569837376,1,3
639,2.959459459459459,4,1.138267877904836,1.2956537618699786,1,4
640,4.229357798165138,4,0.8085895242763566,0.6538170187694645,1,5
641,4.125,4,0.7806247497997998,0.609375,1,5
642,3.6226415094339623,4,1.1611057692275792,1.3481666073335683,1,3
643,3.737864077669903,4,0.7939230973071266,0.6303138844377412,1,3
644,4.0,4,0.6172133998483676,0.38095238095238093,1,4
645,3.959016393442623,4,0.8531286777004169,0.7278285407148618,1,5
646,2.9473684210526314,4,0.6862318321265948,0.470914127423823,1,3
647,3.8275862068965516,4,0.6469538979066796,0.41854934601664634,1,4
648,3.259259259259261,4,1.2726560114017555,1.6196533233570256,1,5
649,3.7916666666666665,4,0.9565200236040832,0.9149305555555558,1,5
650,3.1543408360128633,4,0.7950644372587145,0.6321274593935163,1,5
651,3.2857142857142856,4,1.3502330360721737,1.8231292517006799,1,4
652,3.1363636363636362,4,1.013340764073089,1.0268595041322315,1,3
653,2.692579505300353,4,1.1773096493545598,1.3860580104633566,1,4
654,3.687074829931973,4,1.0867333631409994,1.1809894025637473,1,2
655,2.908029197080292,4,0.7321659093781706,0.5360669188555636,1,3
656,2.5416666666666665,4,1.0793194872490515,1.1649305555555551,1,1
657,3.2413793103448274,4,1.1935219517156401,1.4244946492271109,1,4
658,3.732394366197183,4,0.8041747844293063,0.6466970839119214,1,5
659,3.7905759162303663,4,0.8426554780620198,0.7100682547079311,1,3
660,2.5848214285714275,4,0.9691408033323495,0.9392338966836719,1,3
661,3.917355371900827,4,0.9053265413308533,0.8196161464380852,1,3
662,3.869565217391304,4,0.9465887416120539,0.8960302457466918,1,3
663,3.5316455696202533,4,0.9047755584054894,0.8186188110879651,1,4
664,3.746987951807229,4,0.9358119146569347,0.8757439396138781,1,4
665,3.4788732394366195,4,0.7756715387613727,0.6016663360444358,1,4
666,3.6653061224489796,4,0.7890968799082175,0.6226738858808839,1,4
667,3.9574468085106385,4,1.0096860015067803,1.0194658216387502,1,5
668,3.5217391304347827,4,1.0371182992936143,1.075614366729679,1,3
669,3.380000000000001,4,1.1643023662262306,1.3555999999999997,1,5
670,3.847826086956522,4,1.0208136419020777,1.0420604914933833,1,4
671,3.5806451612903225,4,1.150713482692707,1.3241415192507788,1,5
672,3.2413793103448274,4,1.1034482758620692,1.217598097502973,1,2
673,3.8857142857142857,4,0.9789623828006752,0.9583673469387756,1,3
674,3.658536585365854,4,0.9780457393055328,0.9565734681737063,1,4
675,3.7058823529411766,4,1.340092441164061,1.795847750865052,1,5
676,3.5844155844155843,4,1.4536175147670882,2.113003879237646,1,5
677,3.5918367346938775,4,1.369021210714157,1.8742190753852566,1,1
678,3.4285714285714284,4,0.9793792286287206,0.9591836734693878,1,5
679,3.661290322580645,4,0.9662623097258173,0.9336628511966711,1,3
680,4.0,4,0.7608859102526822,0.5789473684210527,1,5
681,3.227272727272727,4,1.4438527431153263,2.0847107438016526,1,1
682,3.137844611528822,4,1.01297169014112,1.0261116450273575,1,5
683,3.226666666666666,4,1.014210146972619,1.0286222222222217,1,4
684,3.488372093023256,4,0.924400321597758,0.8545159545700384,1,2
685,2.05,4,0.7399324293474371,0.5475,1,2
686,4.563380281690139,4,0.8677702422957382,0.7530251934140041,1,5
687,3.4761904761904763,4,0.8518354199999199,0.7256235827664398,1,4
688,4.833333333333333,4,0.6236095644623239,0.38888888888888923,1,5
689,3.8333333333333335,4,1.2133516482134197,1.4722222222222223,1,3
690,3.1478260869565218,4,1.0733408086406593,1.1520604914933845,1,4
691,4.218750000000001,4,1.1383753500054365,1.2958984375,1,5
692,3.275,4,0.8656644846590392,0.7493749999999999,1,3
693,3.136363636363637,4,0.9539268248923051,0.9099763872491144,1,3
694,4.152866242038215,4,0.6401194663134322,0.4097529311533933,1,5
695,3.289473684210526,4,1.295902342341593,1.679362880886427,1,1
696,3.9310344827586206,4,1.2014656131161616,1.4435196195005942,1,5
697,3.7142857142857144,4,1.2627580223975023,1.5945578231292512,1,1
698,2.842519685039369,4,1.125405941461598,1.2665385330770658,1,2
699,3.147651006711409,4,0.7361776752108501,0.5419575694788519,1,3
700,3.6666666666666665,4,0.7126966450997985,0.5079365079365081,1,4
701,4.212121212121212,4,0.7285342594043217,0.5307621671258035,1,4
702,2.4516129032258065,4,1.4992193598222257,2.2476586888657644,1,1
703,3.5319148936170213,4,1.0488304292652117,1.1000452693526486,1,5
704,3.7777777777777777,4,1.0195617552848402,1.0395061728395045,1,2
705,3.710526315789474,4,1.1295371215487349,1.2758541089566013,1,5
706,3.310344827586207,4,1.17747386751475,1.386444708680143,1,5
707,3.4957627118644066,4,1.0230308963471142,1.0465922148807798,1,3
708,3.2,4,1.2603854285778728,1.5885714285714283,1,3
709,3.572463768115942,4,1.0064119158373601,1.0128649443394255,1,4
710,3.697674418604651,4,0.8079512914437305,0.6527852893455919,1,5
711,3.8597285067873304,4,1.017163974355082,1.034622550725826,1,4
712,3.765432098765432,4,0.9063780169371678,0.8215211095869529,1,2
713,2.966666666666667,4,0.8749603165604459,0.7655555555555558,1,4
714,3.522727272727273,4,1.0332789019699369,1.0676652892561986,1,2
715,3.3832335329341325,4,1.059524958214357,1.1225931370791353,1,1
716,3.8884758364312266,4,1.039470617148107,1.0804991639142663,1,5
717,3.7096774193548385,4,1.122407600060205,1.2597988206729092,1,4
718,3.6923076923076925,4,1.0415433852097384,1.0848126232741615,1,4
719,3.1044776119402986,4,1.198684955537986,1.4368456226331034,1,2
720,3.966666666666667,4,0.7520342781785652,0.5655555555555556,1,3
721,3.5357142857142856,4,1.0170736332784394,1.0344387755102051,1,3
722,3.619047619047619,4,0.8151067985058901,0.6643990929705217,1,4
723,3.272727272727273,4,0.9136250564655354,0.8347107438016527,1,3
724,2.164705882352941,4,1.3092167287758636,1.714048442906573,1,4
725,3.8,4,0.938083151964686,0.88,1,4
726,3.0,4,1.2583057392117916,1.5833333333333333,1,2
727,3.0372670807453415,4,1.0299140575479848,1.060722965934954,1,4
728,3.576923076923077,4,0.7428156890703064,0.5517751479289941,1,3
729,2.857142857142857,4,1.206558043744755,1.4557823129251701,1,1
730,3.236842105263158,4,1.1569972598410845,1.3386426592797778,1,4
731,3.3855421686746987,4,1.4297301565368756,2.044128320510959,1,4
732,3.7,4,1.345362404707371,1.8099999999999998,1,5
733,3.02803738317757,4,1.054212235678771,1.111363437854833,1,1
734,3.609375,4,1.0095974986968816,1.019287109375,1,4
735,3.3207547169811322,4,0.9668775830429399,0.9348522605909573,1,4
736,3.0,4,1.3844373104863459,1.9166666666666667,1,4
737,3.9696969696969697,4,0.9995407577254934,0.9990817263544536,1,5
738,3.675675675675676,4,0.8319321065741292,0.6921110299488682,1,4
739,3.6,4,1.5156328239856962,2.2971428571428567,1,4
740,3.4,4,0.9695359714832659,0.9400000000000001,1,3
741,3.4615384615384617,4,1.0370360586702123,1.075443786982248,1,3
742,3.4615384615384617,4,1.0824036368823295,1.171597633136094,1,5
743,3.6857142857142855,4,1.0894671979964357,1.1869387755102048,1,5
744,3.8518518518518516,4,0.8478165290562663,0.7187928669410149,1,5
745,3.1,4,1.2871156384205213,1.6566666666666663,1,2
746,3.6417910447761193,4,1.0030028427708322,1.0060147026063706,1,2
747,4.05460750853242,4,1.131500981229723,1.280294470523826,1,5
748,3.7222222222222223,4,0.7797593804232331,0.6080246913580244,1,5
749,3.622950819672131,4,0.9540927271536674,0.9102929320075225,1,3
750,3.090909090909091,4,1.025837023018834,1.052341597796144,1,3
751,3.5416666666666665,4,1.0682326674213038,1.1411210317460339,1,3
752,3.2054794520547945,4,1.2045450924372936,1.4509288797147684,1,3
753,3.5964912280701755,4,1.1826175120247522,1.3985841797476148,1,4
754,3.3823529411764706,4,0.8749691047437361,0.7655709342560552,1,4
755,3.1052631578947367,4,1.2521449740389816,1.5678670360110818,1,3
756,3.192660550458716,4,0.9812654647428208,0.9628819122969442,1,4
757,3.3674698795180724,4,0.7627800190923278,0.581833357526492,1,2
758,3.876750700280112,4,1.0243219124995242,1.049235380426683,1,4
759,4.0625,4,0.9333240326917549,0.87109375,1,2
760,3.2439024390243905,4,1.184873931852792,1.403926234384295,1,3
761,2.8484848484848486,4,1.416808451825571,2.0073461891643714,1,3
762,3.0476190476190474,4,1.6468206157895793,2.712018140589569,1,4
763,3.7829457364341086,4,0.8801095801230985,0.7745928730244568,1,4
764,3.688073394495413,4,0.8746925824993044,0.7650871138793024,1,4
765,4.086956521739131,4,1.0999226644063929,1.2098298676748585,1,5
766,3.354285714285714,4,0.8350681262688724,0.6973387755102054,1,3
767,4.4324324324324325,4,0.5472555873328808,0.29948867786705635,1,4
768,3.26